<?xml version='1.0' encoding='utf-8'?>
<!DOCTYPE hibernate-mapping PUBLIC
    "-//Hibernate/Hibernate Mapping DTD 3.0//EN"
    "http://www.hibernate.org/dtd/hibernate-mapping-3.0.dtd">
<hibernate-mapping>

    <class name="com.example.springwork.entity.User" table="user" schema="javaee">
        <id name="userId" column="user_id"/>
        <property name="name" column="name"/>
        <property name="password" column="password"/>
        <property name="headPortrait" column="head_portrait"/>
        <property name="eMail" column="e_mail"/>
        <property name="role" column="role"/>
    </class>
</hibernate-mapping>